name,id,date_of_join,cars_used,driving_license
"Johan",81868,"2022-09-16",7,13572468
"Jonathan",42387,"2022-09-17",4,45045045
"Asif",82670,"2022-06-15",3,87390145
"Aliyan",82539,"2022-08-16",2,87326695
"Arjun",82699,"2022-02-12",9,87323409
"Aben",82546,"2022-04-09",7,87322334
"Alex",82376,"2022-05-17",2,87326589
"Abbasi",35784,"2022-09-10",1,87345689
"Fawwaz",34627,"2022-05-23",6,87124337
"AaronB",67312,"2022-05-24",5,87124563
"Ali",42674,"2022-06-10",3,87125425
"Yaasir",72457,"2022-06-20",4,87104249
"John",42796,"2022-09-18",3,87452613
